01983294-a041-7152-86a6-de40746964c9,string,0,DEFINE,string
01983294-a04e-72a3-a881-283a5d3c3797,string,0,DEFINE,string
01983294-a058-77c1-bc0e-d3954b7e6dd6,string,0,DEFINE,string
01983294-a05f-79cc-bea9-aa009a98ef32,string,0,DEFINE,string
01983294-a064-775e-8b00-a92eb1a99ba9,string,0,DEFINE,string
01983298-59e0-7aa8-b539-dc0384c7d6c9,string,0,DEFINE,string
01983298-59ee-79ff-be34-e87dee2f9e06,string,0,DEFINE,string
01983298-59f3-72e9-8924-922dff4e9f54,string,0,DEFINE,string
01983298-59f9-71bc-8e6b-f6f972ced061,string,0,DEFINE,string
01983298-59fe-754c-84ec-fdca882034f0,string,0,DEFINE,string
01985841-00c0-79f0-b1d3-20de595ee367,total_testruns,168,DEFINE,
01985841-00cc-775b-b67d-d9597c5cfcea,total_empty_testruns,1,DEFINE,
01985841-00d0-73bd-82a1-985c90c0f262,total_steps,1394,DEFINE,
01985841-00d4-7f3c-bce4-c20dea6651a6,total_AC,354,DEFINE,
01985841-00d8-7960-b23e-b3852bade8ab,total_CO,312,DEFINE,
01985841-00dd-7e26-a63b-039ef812e996,total_ER,560,DEFINE,
01985841-3188-7aa9-adb4-f536a454b0dd,total_testruns,168,DEFINE,
01985841-318d-76e6-8919-ade085bed9dc,total_empty_testruns,1,DEFINE,
01985841-3192-7409-beda-277df9a55b60,total_steps,1394,DEFINE,
01985841-3197-74e6-aa1e-3fd10d824f50,total_AC,354,DEFINE,
01985841-319b-7dc6-bfff-846bf6c69a39,total_CO,312,DEFINE,
01985841-319f-7ccc-9eda-f7b2692c99bb,total_ER,560,DEFINE,
01985841-5ca0-7065-b047-be5a2a2400df,total_testruns,37,DEFINE,
01985841-5ca5-7690-938d-ee892a594691,total_empty_testruns,0,DEFINE,
01985841-5ca9-7aff-b809-47b38285e096,total_steps,317,DEFINE,
01985841-5cad-702b-96fa-371978874d06,total_AC,116,DEFINE,
01985841-5cb2-7dc2-85db-494673328719,total_CO,0,DEFINE,
01985841-5cb5-75de-aaf4-c45a7fa054c2,total_ER,91,DEFINE,
01985852-3350-7374-846f-9551fb342d99,total_testruns,168,DEFINE,
01985852-3355-7440-a928-96306724488b,total_empty_testruns,1,DEFINE,
01985852-3359-7f12-9600-853bc846e4ff,total_steps,1394,DEFINE,
01985852-335d-7906-a141-10bfde3816a6,total_AC,354,DEFINE,
01985852-3361-75ff-a416-b94ff980cdcf,total_CO,312,DEFINE,
01985852-3365-7afb-8fab-61a27e2adedc,total_ER,560,DEFINE,
01985852-7229-7b00-b502-8dcfbffe9e2c,total_testruns,37,DEFINE,
01985852-7235-7a6f-a469-51cad9f2d23c,total_empty_testruns,0,DEFINE,
01985852-723a-787a-9bdc-b0af4c431488,total_steps,317,DEFINE,
01985852-723f-7c2d-ae86-abb4e3a43cee,total_AC,116,DEFINE,
01985852-7243-7e72-b74c-b97d96e0d424,total_CO,0,DEFINE,
01985852-7247-7b8c-806c-1a521a8a9adf,total_ER,91,DEFINE,
01985852-7517-7d72-b69e-e8b4f1c1469b,total_testruns,33,DEFINE,
01985852-751b-78c8-b107-94cba609631f,total_empty_testruns,0,DEFINE,
01985852-751f-7ff2-9062-4d8fb71f886d,total_steps,342,DEFINE,
01985852-7523-7590-b68f-9f4e9ee901dd,total_AC,124,DEFINE,
01985852-7527-7b52-b0a8-db35cd9ba3d2,total_CO,0,DEFINE,
01985852-752b-7ff7-ae7e-21998da1b1ae,total_ER,119,DEFINE,
01985852-766b-756e-b6d3-a2b631918846,total_testruns,205,DEFINE,
01985852-7670-7b46-9d21-85506b164fb7,total_empty_testruns,1,DEFINE,
01985852-7675-705d-86c2-193f53c1e710,total_steps,1375,DEFINE,
01985852-7679-7bbd-9e1c-2ec646141a42,total_AC,350,DEFINE,
01985852-767d-71e5-b89a-f6d289fdbb84,total_CO,0,DEFINE,
01985852-7681-74c3-bcfa-2649664605cc,total_ER,820,DEFINE,
01985852-7748-7cae-a813-de5f3805dd3c,total_testruns,203,DEFINE,
01985852-774c-743c-b21f-956c5ca89e2b,total_empty_testruns,2,DEFINE,
01985852-7751-728b-943e-49e3d2bcaf34,total_steps,2013,DEFINE,
01985852-7755-7713-b2ed-c322d5252c8f,total_AC,587,DEFINE,
01985852-7758-7f30-8478-1bf2ef603230,total_CO,17,DEFINE,
01985852-775d-7066-937f-cea3bb94bd6f,total_ER,1206,DEFINE,
01985852-7823-71e5-9a09-166f9369d18a,total_testruns,29,DEFINE,
01985852-7828-7405-a1f5-41ddb0306aa6,total_empty_testruns,0,DEFINE,
01985852-782c-7f7b-8cae-bc5ea56bb5b3,total_steps,347,DEFINE,
01985852-7830-7f37-8fb1-8e86ca552c14,total_AC,77,DEFINE,
01985852-7834-774b-b99b-7938ce44a818,total_CO,0,DEFINE,
01985852-7838-7f33-99a0-1a03ed2537a6,total_ER,98,DEFINE,
01985852-7904-7d91-b2e4-cd21bf78c2fa,total_testruns,11,DEFINE,
01985852-7908-7a3e-b351-d25297d6a048,total_empty_testruns,0,DEFINE,
01985852-790d-75d2-a194-a47b6358aa8e,total_steps,184,DEFINE,
01985852-7911-7fbd-a827-7860a510b0c2,total_AC,33,DEFINE,
01985852-7916-7b56-8516-92bebda9a101,total_CO,0,DEFINE,
01985852-791a-76e0-8cbe-5d1e2d5706fc,total_ER,51,DEFINE,
01985852-79df-70eb-a6ca-1596ecd390c4,total_testruns,11,DEFINE,
01985852-79e3-7195-9ad3-00df6bebe326,total_empty_testruns,0,DEFINE,
01985852-79e7-782a-8c93-ff98f3b7c74b,total_steps,175,DEFINE,
01985852-79eb-7d3f-888f-0408a0ee1bfc,total_AC,33,DEFINE,
01985852-79ef-7bfe-9704-e4d1c22550e3,total_CO,0,DEFINE,
01985852-79f2-7a8b-b4d6-a7bcdce5ee22,total_ER,51,DEFINE,
01985852-7aaf-7e7d-ba31-bd12caf8c5e8,total_testruns,79,DEFINE,
01985852-7ab3-7dd2-953a-253fd0178f57,total_empty_testruns,0,DEFINE,
01985852-7ab7-718f-94fa-308bbe7dc776,total_steps,2112,DEFINE,
01985852-7abb-74a4-8ca7-6f1d08ce8827,total_AC,988,DEFINE,
01985852-7abf-73ea-b3c3-da99e50bdc0b,total_CO,0,DEFINE,
01985852-7ac3-72ca-900c-d6b5379eae60,total_ER,1042,DEFINE,
01985852-7b80-7f0f-95c4-cfc2421b9c70,total_testruns,360,DEFINE,
01985852-7b84-7519-9fb9-08be3a552b5c,total_empty_testruns,3,DEFINE,
01985852-7b89-7054-94c4-cd3190f29be7,total_steps,2648,DEFINE,
01985852-7b8d-7feb-85aa-6cb02ca98ff3,total_AC,903,DEFINE,
01985852-7b92-756b-8771-10ae9ef62c3b,total_CO,0,DEFINE,
01985852-7b96-77d2-9285-b5474f74db9d,total_ER,1385,DEFINE,
01985852-7c51-758c-b8b8-983ed3146c4a,total_testruns,171,DEFINE,
01985852-7c55-7a78-8853-19f6b78a1969,total_empty_testruns,1,DEFINE,
01985852-7c59-73e3-9b3f-efb5d3bf23b9,total_steps,1413,DEFINE,
01985852-7c5d-7fba-af6f-b0511ed9d8c2,total_AC,357,DEFINE,
01985852-7c62-7701-aef6-0b313c1521e0,total_CO,320,DEFINE,
01985852-7c66-70c0-9b2c-bb50713d3ead,total_ER,565,DEFINE,
01985852-7d24-702b-822e-da1330aa7183,total_testruns,205,DEFINE,
01985852-7d29-77a9-9636-427b785c2cda,total_empty_testruns,1,DEFINE,
01985852-7d2e-75f1-b79d-bfacc481ba27,total_steps,1375,DEFINE,
01985852-7d32-77b1-8a2b-7229cf5e5208,total_AC,350,DEFINE,
01985852-7d36-79b8-a7c6-bcd888616199,total_CO,0,DEFINE,
01985852-7d3a-729d-9f4d-1d4fe174a952,total_ER,820,DEFINE,
